{
  "name" : "m_employee_cloud_detail-1703127167581",
  "sourceOrgId" : "2JLiVQi0bOJb5CQWnTdwgy",
  "sourceOrgName" : "Nic ",
  "exportedObjects" : [ {
    "objectGuid" : "jBilkJh50UKfjJkNoZnQQA",
    "objectName" : "FF_SRC",
    "objectType" : "Connection",
    "path" : "/SYS",
    "metadata" : {
      "modelVersion" : {
        "major" : 0,
        "minor" : 0
      },
      "repoInfo" : {
        "repoHandle" : "012CZD0B000000000006"
      },
      "objectRefs" : [ "jTi02aRDKeXektqbDDQUa9" ],
      "contextAttributes" : [ {
        "name" : "id",
        "value" : "@1"
      } ],
      "additionalInfo" : {
        "description" : null,
        "contentType" : "JSON",
        "documentState" : "COMPLETE"
      }
    }
  }, {
    "objectGuid" : "7JQKO37TdGZc4dw6g0pImm",
    "objectName" : "m_employee_cloud_detail",
    "objectType" : "DTEMPLATE",
    "path" : "/Explore/IICS_Project2023/Dev",
    "metadata" : {
      "modelVersion" : {
        "major" : 0,
        "minor" : 0
      },
      "repoInfo" : {
        "repoHandle" : "012CZD17000000000009"
      },
      "objectRefs" : [ "jBilkJh50UKfjJkNoZnQQA", "339fgQizjwGlHkHF92cqcr" ],
      "contextAttributes" : [ {
        "name" : "id",
        "value" : "@1"
      } ],
      "additionalInfo" : {
        "description" : "",
        "contentType" : "JSON",
        "documentState" : "VALID"
      }
    }
  }, {
    "objectGuid" : "339fgQizjwGlHkHF92cqcr",
    "objectName" : "FF_TGT",
    "objectType" : "Connection",
    "path" : "/SYS",
    "metadata" : {
      "modelVersion" : {
        "major" : 0,
        "minor" : 0
      },
      "repoInfo" : {
        "repoHandle" : "012CZD0B000000000004"
      },
      "objectRefs" : [ "jTi02aRDKeXektqbDDQUa9" ],
      "contextAttributes" : [ {
        "name" : "id",
        "value" : "@1"
      } ],
      "additionalInfo" : {
        "description" : null,
        "contentType" : "JSON",
        "documentState" : "COMPLETE"
      }
    }
  }, {
    "objectGuid" : "60FeCLMlsAmc28yQcxPqI0",
    "objectName" : "Dev",
    "objectType" : "Folder",
    "path" : "/Explore/IICS_Project2023",
    "metadata" : {
      "modelVersion" : {
        "major" : 0,
        "minor" : 0
      },
      "repoInfo" : null,
      "objectRefs" : [ ],
      "contextAttributes" : [ ],
      "additionalInfo" : {
        "description" : "",
        "contentType" : "Binary",
        "documentState" : "COMPLETE"
      }
    }
  }, {
    "objectGuid" : "lCq8w1s334Ad2uYnkZMque",
    "objectName" : "IICS_Project2023",
    "objectType" : "Project",
    "path" : "/Explore",
    "metadata" : {
      "modelVersion" : {
        "major" : 0,
        "minor" : 0
      },
      "repoInfo" : null,
      "objectRefs" : [ ],
      "contextAttributes" : [ ],
      "additionalInfo" : {
        "description" : "",
        "contentType" : "Binary",
        "documentState" : "COMPLETE"
      }
    }
  }, {
    "objectGuid" : "jTi02aRDKeXektqbDDQUa9",
    "objectName" : "DESKTOP-J7TVHT7",
    "objectType" : "AgentGroup",
    "path" : "/SYS",
    "metadata" : {
      "modelVersion" : {
        "major" : 0,
        "minor" : 0
      },
      "repoInfo" : {
        "repoHandle" : "012CZD25000000000002"
      },
      "objectRefs" : [ ],
      "contextAttributes" : [ {
        "name" : "id",
        "value" : "@1"
      } ],
      "additionalInfo" : {
        "description" : null,
        "contentType" : "JSON",
        "documentState" : "VALID"
      }
    }
  } ]
}